Title,Publish_Date,Likes,Views,Duration,Comment_Count
GARA INCREDIBILE!!! 17 SORPASSI IN 14 GIRI - Varano Gara 1 - Racing Is Life Predator's 2021 EP.2,2021-04-21T11:59:57Z,33076,568876,PT23M57S,1011
NASKA TENTA IL DECOLLO con la Predator's,2021-11-24T16:49:18Z,44154,446347,PT24M,635
MEGLIO DELLA FORMULA 1 - Misano FX3 Gara 2 - Racing Is Life Predator's 2021,2021-09-16T11:20:52Z,48876,520858,PT30M7S,844
L'INCIDENTE PEGGIORE DELLA MIA VITA - GAME OVER,2020-08-10T15:48:42Z,56706,1396726,PT10M15S,3422
Quanto è RESISTENTE l'Halo di Formula 1?😱🏁,2023-10-27T12:00:41Z,29953,382403,PT50S,222
il Talento INCREDIBILE di Fernando ALONSO😱🏎,2023-05-26T12:00:38Z,95447,1506541,PT43S,211
la Gara più TRAGICA del Mondo.🥺🏍️,2023-09-07T12:00:01Z,25705,369911,PT41S,142
il Mio SORPASSO più BELLO - Spiegato😍🚗,2023-04-11T12:00:05Z,157022,2665537,PT38S,314
Come Si ACCENDE una F1?🏎🤔,2023-06-12T12:00:15Z,72597,1224590,PT37S,141
FORMULA 1 vs MOTOGP💨🧐,2023-01-16T17:30:02Z,47192,732710,PT36S,273
Come dare PIÚ CAVALLI al tuo MOTORE!🔥🤯,2022-11-21T18:47:31Z,17876,373066,PT36S,308
la RIVOLUZIONE SEGRETA di Ferrari in F1! 🏎,2023-11-22T18:00:08Z,15273,214837,PT1M,56
QUESTO ti RIVOLUZIONERÀ l'AUTO!😍🚗,2023-10-05T16:00:25Z,31839,509984,PT1M,222
SORPASSO A 250KM/H - RACING IS LIFE EP.31,2018-10-28T17:02:12Z,11385,200681,PT14M49S,377
COME USO i PEDALI sulla NASCAR? 🏁,2022-09-07T16:00:15Z,87635,1862481,PT38S,314
l'Incidente più COSTOSO della FORMULA 1💰🏎,2023-03-06T13:00:11Z,64606,1100784,PT35S,254
Una cosa che NON SAI sulla HAAS F1🏎🤔,2023-08-04T12:00:11Z,15616,236768,PT36S,82
MISSIONE DI SALVATAGGIO (8 BIT) -  alberto naska vlog,2017-09-28T12:25:28Z,1030,29835,PT3M10S,25
in NASCAR si corre SENZA REGOLE😱,2023-06-01T12:00:30Z,44442,532755,PT59S,229
LA MIA PRIMA ENDURANCE IN MOTO! - Yamaha R1 @ Cartagena,2019-12-13T17:00:05Z,12497,218139,PT15M34S,170
TI SPEZZO quella mano - Racing Is Life Legends 2022 EP.5,2022-07-01T16:03:34Z,19310,249934,PT16M48S,254
Perchè le NASCAR Corrono negli OVALI?😅,2023-05-22T12:00:19Z,46406,675640,PT55S,200
il Record IMBATTIBILE di Ayrton SENNA🏎🇧🇷,2023-04-17T12:00:08Z,57642,1009519,PT52S,248
un ITALIANO ha INVENTATO IL DRIFT😱🇮🇹,2023-03-13T13:00:24Z,77191,1015752,PT1M,315
COME FUNZIONA il CAMBIO DELLE NASCAR?🏁,2022-10-04T17:00:28Z,99260,1633746,PT58S,372
MI SONO INNAMORATO.💘,2023-01-12T17:30:11Z,97584,1292082,PT1M,692
Perchè la FORMULA 1 si Chiama Così?🏎,2023-11-15T13:00:29Z,15930,191395,PT51S,54
NON PUÒ SUCCEDERE SOLO A NASKA - Vallelunga FX3 Gara 2 - Racing Is Life Predator's 2021,2021-07-18T17:17:58Z,18397,260253,PT15M31S,470
Cosa c'è nelle PANCE della FORMULA 1?🏎,2023-11-29T13:00:17Z,15513,220498,PT59S,31
"CHE SCHIANTO! - NASKA CONTRO SALVADORI 💥 CAR RACE, BATTAGLIA FINALE - RACING IS LIFE EP.34",2018-11-26T18:43:26Z,25899,804516,PT17M34S,655
Dove SORPASSARE un avversario che chiude SEMPRE 🤔🏎,2023-06-14T16:30:13Z,46187,659758,PT1M,107
SCHUMACHER ha Corso in F1.. PER CASO😨,2023-01-03T19:00:00Z,37461,546773,PT45S,171
LA MIA PRIMA GARA IN MOTO - PARTE 1 - RACING IS LIFE EP.08,2018-05-10T15:54:49Z,19715,349542,PT15M44S,1038
RIMONTA FUORI DI TESTA! Da quattordicesimo a.... - Racing is Life 2020 auto Misano Gara 1,2020-12-18T16:58:01Z,95819,391313,PT20M27S,697
SI VIVE UNA VOLTA SOLA - DUCATI 2018 - PANIGALE V4S MOTO ONBOARD,2018-01-23T19:13:50Z,18687,410871,PT6M59S,1043
la Nascar è MEGLIO della Formula 1?😱,2023-07-24T12:00:24Z,50996,615908,PT58S,207
QUESTI SONO PAZZI!!! - Gara incredibile FINITA MALE.... - Predator's Mugello GARA 1 - Racing is life,2020-12-03T17:00:06Z,31581,741591,PT22M45S,660
COME CAPPOTTARE UNA MOTO - RACING IS LIFE EP.28 PIT BIKE,2018-10-14T15:59:34Z,23027,716080,PT16M44S,671
RIMONTA DELLA VITA! DA ULTIMO A... - RACING IS LIFE 2019 EP.10,2019-05-07T16:38:24Z,32153,813893,PT15M58S,673
Solo UN PILOTA di F1 ci è RIUSCITO....😅,2023-04-24T12:00:44Z,58726,821046,PT52S,132
DISASTRO IN PARTENZA - RACING IS LIFE 2019 EP.33,2019-08-04T15:30:00Z,24000,369326,PT16M1S,853
Questo è il GADGET SEGRETO che Vorrete Tutti🤩,2023-08-14T16:18:47Z,5796,81203,PT57S,98
Come SORPASSARE in Pista senza FATICA🏁,2023-07-19T16:30:05Z,30879,330033,PT55S,98
LA COSA PIÚ STUPIDA mai combinata in FORMULA1,2022-09-19T16:13:27Z,30719,612482,PT6M30S,417
FERRARI: I MAGHI DELLE STRATEGIE,2022-10-06T16:03:08Z,24367,366607,PT8M34S,384
il Campionato con... 38 GARE!😱🏎,2023-07-21T12:00:11Z,22380,252311,PT57S,139
L’impresa IMPOSSIBILE di Ayrton Senna,2022-11-13T17:00:38Z,24623,486840,PT8M30S,560
La leggenda del PILOTA FANTASMA di Le Mans,2021-12-16T17:35:44Z,39355,539470,PT10M3S,833
Perchè le FORMULA 1 usano GOMME LISCE?,2023-06-13T16:30:01Z,19429,313732,PT9M33S,282
la WILLIAMS F1 e BIN LADEN?! - le Ragioni del DECLINO,2023-02-21T17:30:06Z,18811,375691,PT14M19S,259
Perchè le FORMULA 1 usano GOMME LISCE?,2023-06-13T16:30:01Z,19429,313732,PT9M33S,282
la WILLIAMS F1 e BIN LADEN?! - le Ragioni del DECLINO,2023-02-21T17:30:06Z,18811,375691,PT14M19S,259
QUANTO COSTA diventare PILOTI di FORMULA 1?,2023-04-11T16:30:14Z,18785,329262,PT12M32S,427
SEMPRE PEGGIO - È tutto SURREALE…EuroLEGEND Gara 3 Misano,2023-12-27T17:30:11Z,15417,162352,PT10M27S,369
la FERRARI NON ce l'ha fatta... - PostGP Abu Dhabi,2023-11-27T19:55:11Z,18255,210366,PT16M38S,323
la Manovra PIU' FOLLE DELLA STORIA DEL MOTORSPORT,2022-11-24T17:30:02Z,20797,299192,PT8M32S,310
Uno dei più GRANDI TALENTI SPRECATI del motociclismo,2022-03-29T17:07:46Z,28287,594785,PT7M39S,772
LA GARA PIU' LUNGA E TOSTA DELLA MIA VITA - SWANK RALLY 2019 P.1,2019-06-09T16:00:05Z,12513,213933,PT17M25S,376
i PAGELLONI DI FINE STAGIONE! - Formula 1 2023,2023-11-30T17:30:05Z,16634,198994,PT18M46S,394
SCHERZO EPICO a  @Lucasalvadoriofficial   - Ci è RIMASTO MALISSIMO,2022-07-13T16:58:56Z,34163,475512,PT14M15S,446
L'INCREDIBILE STORIA della McLaren,2022-11-17T17:14:58Z,22560,365261,PT17M47S,310
La PISTA IMPOSSIBILE dove i piloti SVENGONO IN CURVA,2022-09-28T16:00:14Z,39646,1155357,PT10M38S,459
LA LEGGENDA del MOTOCICLISMO,2022-07-18T16:14:10Z,28389,234631,PT7M26S,580
MAI VISTO niente del genere,2023-02-16T17:30:03Z,20924,353585,PT10M56S,238
"TUTTO quello che DEVI SAPERE su GOMME INVERNALI, ESTIVE, ALL SEASON (o 4 stagioni)",2021-11-04T17:01:08Z,11387,155594,PT11M,496
Quasi MORTO. E poi RISORTO. L'incredibile Carriera di MIKA HAKKINEN,2022-12-04T17:00:15Z,30729,911732,PT23M56S,653
RISCHIA LA VITA PER SALVARE L’AVVERSARIO,2023-01-23T17:30:02Z,21424,365965,PT12M59S,450
"Alonso MOSTRUOSO, Leclerc PredeSF1GATO - Interlagos PostGP",2023-11-06T20:19:27Z,18448,235350,PT19M13S,638
IL RECORD di Ayrton Senna che NESSUNO può BATTERE,2022-08-25T16:00:20Z,34801,733357,PT6M44S,844
QUANTO COSTA e COME SI APRE un Team di Formula 1?,2023-01-17T17:30:08Z,23955,485311,PT11M47S,523
la DONNA PIÙ VELOCE del MONDO,2023-03-08T17:45:18Z,15779,239875,PT17M2S,404
IL PIU' BRUTTO LITIGIO della storia della Formula 1 - Pironi vs Villeneuve,2023-04-14T16:30:08Z,19167,337563,PT21M2S,623
HAMILTON IN FERRARI? Facciamo chiarezza - Monaco Pre GP,2023-05-26T16:30:01Z,13191,183341,PT9M45S,352
IL PILOTA PEGGIORE DEL 2022,2022-11-28T17:49:05Z,17675,341135,PT15M33S,317
QUANTO COSTA fare la SPESA in AMERICA?,2023-04-05T16:30:00Z,12718,192507,PT14M44S,366
LA POSIZIONE DI GUIDA IN AUTO - QUAL È QUELLA CORRETTA? COME SI TROVA? - STRADA E PISTA,2019-05-14T16:00:04Z,16173,234247,PT6M35S,351
VENDEVA DR0GA per FARE IL PILOTA 😱,2022-02-23T17:00:41Z,33025,577404,PT14M50S,536
IL RECORD che dopo 55 anni NESSUNO RIESCE A BATTERE,2022-06-20T15:47:17Z,40489,751878,PT15M30S,1006
il Mondiale PIÙ BELLO della Storia della Formula 1,2023-04-07T16:00:04Z,18328,337799,PT13M37S,423
Anche MIOCUGGINO AVREBBE VINTO.,2022-09-30T16:00:05Z,19986,305679,PT10M41S,695
QUANTO HO SPESO per correre in EuroNASCAR?,2023-03-14T17:00:16Z,21152,265459,PT15M8S,492
Sono entrato nella BASE MILITARE SEGRETA degli Eurofighter,2023-09-06T16:30:01Z,27390,627604,PT45M38S,1350
IL COMPLOTTO SEGRETO DELLA FORMULA 1: Alonso - Piastri - Briatore - Webber,2022-08-26T16:59:18Z,21746,362713,PT11M52S,538
FORMULA 1: La Soap Opera dei TEAM PRINCIPAL,2022-12-15T17:44:57Z,15037,228020,PT9M47S,182
Quanto ho SPESO per CORRERE?🤑,2022-09-22T17:00:14Z,108684,2230479,PT46S,542
PERCHÉ NESSUNO riesce a ripetere l'impresa di QUEST'UOMO?,2023-06-21T16:30:08Z,17418,343086,PT10M24S,238
PERCHÉ le Formula 1 NON SFIAMMANO (ma le altre auto sì)?,2023-05-11T16:54:07Z,15436,202915,PT8M33S,234
la Gara PIÙ IMPORTANTE del MONDO.,2023-05-23T16:45:27Z,18643,327154,PT17M31S,387
SVELATO PERCHÉ la Red Bull VINCE SEMPRE - Post GP Miami,2023-05-09T15:57:03Z,17890,317286,PT14M9S,710
LE 10 GARE più ASSURDE di Monza,2022-09-10T16:00:38Z,25038,466416,PT13M42S,401
AYRTON SENNA Guidava... MALE.😰,2023-10-24T12:00:50Z,25817,354630,PT1M,512
Come SCHUMACHER ha CONQUISTATO il MONDO,2022-10-08T11:30:00Z,25316,453917,PT10M11S,602
"Sono Stato ""SQUALIFICATO"" per una TELECAMERA",2023-12-19T12:00:49Z,19418,242755,PT16M59S,1137
la MERCEDES F1 è nata.. in UN GIARDINO?!🏎,2023-05-12T16:00:46Z,19141,223545,PT41S,102
PEGGIO DI GRANTURISMO... - EuroNASCAR Oschersleben Gara 2,2023-10-13T20:17:47Z,20235,224758,PT17M14S,690
Ho Visto una GARA in AMERICA - Vi spiego perchè sono più AVANTI di noi - Daytona 500,2023-03-26T16:00:40Z,37972,922235,PT43M56S,1564
PERCHÉ la Red Bull va così forte? - Uno dei segreti sta nella BATTERIA,2023-03-10T18:30:16Z,17967,325798,PT14M5S,350
"l'Assurdo, ma GENIALE sistema della NASCAR AMERICANA",2023-12-10T17:30:04Z,14154,172271,PT18M42S,545
Ho RISOLTO il Problema del CASCO!🪖,2022-10-24T17:13:56Z,45977,1087859,PT1M,247
la GARA più PERICOLOSA DEL MONDO.,2022-11-02T17:13:57Z,36074,888923,PT14M8S,787
SONO COLLASSATO MALE... - Porsche GT4 Italy Misano Gara 2,2023-09-24T16:03:27Z,18763,301673,PT22M7S,348
il Circuito più PERICOLOSO del Mondo💥,2023-08-22T12:31:06Z,30577,455628,PT59S,208
NON STO PIANGENDO...mi è solo entrato un SEBASTIAN VETTEL nell'occhio,2022-07-29T21:35:59Z,30239,382520,PT9M48S,684
Come funzionano le BANDIERE GIALLE in F1?🏎,2023-04-05T12:00:09Z,48192,623394,PT59S,75
Un Biglietto da 27.000€ per VEDERE LA F1!,2023-06-29T16:17:32Z,28230,623587,PT18M14S,499
IL MIO PROSSIMO CAMPER?,2022-09-21T16:00:07Z,19644,479010,PT16M24S,305
"""il MOTORSPORT mi ha SALVATO""🥹🏎",2023-03-22T13:00:13Z,44062,529851,PT1M,160
IL SEGRETO dei MOTORI di Formula 1,2023-01-25T17:30:03Z,41423,559560,PT16M34S,997
la FORMULA 1 a 6 RUOTE😨🏎,2022-12-09T18:00:04Z,25859,405214,PT35S,114
la Curiosità più STRANA sulla 24h di Le Mans😅,2023-06-26T16:00:46Z,21669,401693,PT53S,80
LA MOSSA DEL SECOLO - EuroLEGEND Valencia Gara 2,2023-06-09T16:00:24Z,25626,238155,PT17M9S,186
il PEGGIOR INCIDENTE della MIA VITA💥🏍️,2022-11-30T18:30:26Z,45254,781245,PT41S,232
lo STRANO RECORD di SEBASTIAN VETTEL😅🏎,2023-05-17T12:00:31Z,20588,207543,PT33S,101
PENALITÀ a CASO - Post GP F1 Austin,2022-10-25T11:26:08Z,21598,356717,PT12M6S,351
l'AUTO ELETTRICA della DYSON da 600.000.000€😅,2023-04-07T12:00:04Z,16134,251434,PT33S,83
Quello che NON TI INSEGNANO a scuola guida,2021-11-23T17:00:08Z,16209,223152,PT12M53S,302
FINALE PAZZESCO AL FOTOFINISH - RACING IS LIFE MOTO,2019-12-24T17:00:00Z,16224,201382,PT10M2S,650
TRASFORMO la OPEL GT in un'Auto DA CORSA,2023-11-23T17:00:08Z,8314,117180,PT12M8S,375
25 CONSIGLI SULLA GUIDA IN MOTO - PARTE 2,2019-10-16T15:45:01Z,26817,810202,PT10M15S,492
La Ferrari CE L'HA PICCOLO (così dicono),2023-02-01T18:00:01Z,25256,329902,PT16M49S,364
UNBOXING GATTI - Recensione completa e test ride,2021-01-13T17:12:00Z,65115,909921,PT8M2S,3298
Sai cos'è Davvero la NASCAR?🤔🚘,2023-08-30T12:00:24Z,19066,272874,PT46S,86
"SQUALIFICA INGIUSTA, Regole STUPIDE, Asfalto SCONNESSO - PostGP Austin",2023-10-23T19:27:55Z,18707,253751,PT22M,582
LA FORMULA 1 senza LIMITI - Quanto andrebbe forte?,2023-11-26T17:00:37Z,22708,408103,PT18M1S,420
PEREZ ha SABOTATO il Mondiale di Verstappen?,2022-11-16T18:15:10Z,21045,425358,PT5M52S,601
Il PROBLEMA della GESTIONE PILOTI FERRARI,2022-10-19T16:00:11Z,20537,345862,PT14M15S,402
Insegniamo la Matematica alla FERRARI.,2022-09-06T16:00:14Z,24947,391032,PT10M38S,431
LA PISTA PIÚ NOIOSA DELLA FORMULA 1?,2022-07-30T16:20:00Z,21774,341328,PT8M48S,380
"Manutenzione catena, corona e pignone - Come si fa? Errori da non fare?",2021-12-15T17:00:46Z,8216,156381,PT15M25S,213
MONDIALE GIÀ FINITO?,2023-03-07T12:27:36Z,22495,314097,PT12M29S,872
È SUCCESSO UN CASINO - EuroNASCAR Valencia Gara 2,2023-05-25T12:00:11Z,20591,272579,PT20M30S,166
"FORMULA 1 vs FORMULA E: Come funzionano MGU-H, MGU-K, e i motori elettrici?",2023-02-12T17:42:24Z,14174,195476,PT15M14S,208
Com'è fatta una TUTA DA FORMULA 1?,2022-06-22T16:07:25Z,21109,336665,PT16M23S,228
Perchè han fatto fuori Binotto?,2022-12-02T20:01:50Z,20968,349791,PT14M59S,632
ULTIMO GIRO INFERNALE - EuroLEGEND Valencia Gara 3,2023-06-18T16:30:06Z,17269,203418,PT18M33S,314
L'auto a 6 RUOTE da 1 MILIONE DI EURO - Mercedes G63 AMG 6x6,2022-05-31T16:00:28Z,18083,374049,PT17M8S,224
SCANDALOSO,2022-09-09T15:51:12Z,31149,526662,PT23M50S,886
Come LAVORA la POWER UNIT di Formula 1?,2023-04-27T16:30:17Z,11413,152716,PT12M1S,215
VI SVELO chi VINCERÀ il Mondiale F1 2023,2023-03-02T17:32:57Z,18356,292667,PT12M49S,1351
Le GARE CLANDESTINE che hanno scritto LA STORIA 😱,2022-04-12T16:00:12Z,23573,423586,PT21M23S,492
LO SAPEVO che SAREBBE FINITA COSI'... - Brands Hatch EuroNASCAR 2023 - Gara 1,2023-06-27T13:58:07Z,19079,272170,PT30M18S,231
Cosa NON FUNZIONA sulla Ferrari? - Post GP Barcellona,2023-06-05T20:29:18Z,17461,266754,PT14M44S,416
il PILOTA PIÙ SFIGATO DELLA STORIA della Formula 1,2022-10-16T16:00:02Z,17324,243027,PT10M15S,335
RISPONDO A INSULTI E DIFFAMAZIONE che mi sono stati lanciati da VARI PILOTI (hater?),2020-05-12T15:35:53Z,87609,1160191,PT27M32S,16305
VERSTAPPEN LAMENTINO: Ridicola la reazione su Russell? - Post GP Baku,2023-05-01T19:03:48Z,19357,308209,PT17M5S,502
COME FUNZIONA UN COMPUTER?,2021-08-31T16:00:18Z,18300,297283,PT19M53S,954
Si è SFIORATA una TRAGEDIA in GARA😱💥,2023-05-30T15:30:17Z,34934,461265,PT43S,182
"""OGGI NON PRENDO RISCHI"" (cit.) - EuroLEGEND Valencia Gara 1",2023-05-30T16:30:09Z,20453,283730,PT21M3S,266
L'ennesimo PASTICCIO della FIA?,2023-03-21T12:13:28Z,16275,250025,PT13M33S,327
"Non chiedetemi ""COME HAI FATTO?!?""",2021-11-21T17:42:30Z,45451,473493,PT28M26S,594
LA RIMONTA DELLA VITA - Da 16esimo a... - Gara 2 Zolder Euronascar 2,2022-10-28T16:00:38Z,28298,524126,PT32M,594
"STROLL UBR1AC0, Ferrari K.O., Verstappen ALIENO - Post GP Monaco",2023-05-29T20:02:58Z,17687,282442,PT15M35S,327
QUESTI SONO PAZZI... Vi spiego cos'è successo a Jeddah in Formula 1,2021-12-06T16:31:07Z,83229,1207763,PT15M35S,1772
Tipo CALL OF DUTY ma con le EuroNASCAR,2022-09-29T16:00:18Z,33729,765153,PT41M57S,975
la FERRARI ha vinto in F1.. Con una LANCIA🏎🤔,2023-07-03T16:00:06Z,14827,200497,PT50S,67
La mia NUOVA AUTO,2022-03-31T15:58:07Z,15838,290398,PT15M12S,747
Volkswagen Fun Cup onboard Franciacorta - Alberto Fontana & David Greco,2011-07-01T04:13:30Z,353,10930,PT9M54S,34
NON SI PUÒ ESSERE FELICI COSÌ... - Racing Is Life Predator's 2021 - Varano R06 Gara 2,2021-10-25T16:13:47Z,31892,620608,PT24M45S,831
LA MIA ULTIMA GARA (del 2020) - Racing is Life 2020,2020-12-24T16:56:22Z,53106,290798,PT19M52S,577
Chignolo po F. Renault and Ferrari 360 Challenge - Testing with TJEmme,2011-09-03T17:54:57Z,426,14106,PT4M3S,20
INCIDENTE ALLA PRIMA GARA - Racing Is Life Legends 2021 EP.2,2021-03-28T12:00:14Z,39640,290436,PT15M33S,757
NASKA come LECLERC,2022-10-07T16:00:24Z,24875,352869,PT23M19S,421
3 CURIOSITÁ sul GP di ZANDVOORT 🇳🇱🏎,2022-09-03T16:03:16Z,31302,430023,PT50S,72
LO SCHIANTO PIÙ FORTE della Mia Vita - Racing Is Life Mitjet EP.2,2023-04-24T16:30:02Z,39206,672682,PT18M30S,1095
CHE AUTO GUIDA GESÙ? - con @SINNAGGAGGHIRI,2022-12-22T17:30:01Z,18092,242344,PT23M4S,147
TRADITO DAI MIEI TIFOSI,2022-09-01T16:05:03Z,22386,336219,PT30M57S,358
La pista dove feci 40.000€ di danni: SPA,2022-08-27T17:27:32Z,23608,347322,PT9M54S,265
Quest’auto MI HA FATTO IMPAZZIRE 😍,2022-05-12T16:00:20Z,14020,207791,PT16M5S,209
Quello che NON SI VEDE nel Video di Brands Hatch!,2023-06-26T10:00:23Z,13967,190536,PT16M36S,492
Ho mai FUM4ATO una C4NN4? QUANTO GUADAGNO col lavoro da PILOTA?,2022-12-23T17:48:36Z,17502,236160,PT13M53S,280
HAMILTON - VERSTAPPEN. Un disastro. Di chi è la colpa?,2021-07-19T12:34:51Z,72476,570427,PT8M39S,4607
QUANTO HO SPESO per fare il pilota nel 2021?,2021-12-30T12:12:19Z,41585,696714,PT18M12S,973
Mercedes F1 ha speso 4.000€ PER RIPRENDERSI IL MONDIALE? - Analizzo Abu Dhabi Verstappen - Hamilton,2021-12-13T18:10:14Z,54251,929097,PT21M8S,2492
CHE IDIOTA...SA SOLO CORRERE DA SOLO,2022-08-30T10:00:28Z,26914,452894,PT11M38S,836
il SEGRETO del TURBO della tua AUTO🚗💨,2023-03-10T13:00:16Z,12586,127438,PT44S,66
IL PEGGIOR INCIDENTE della storia delle Legend Cars - Racing Is Life Legends 2022 EP.3,2022-05-05T17:39:53Z,39981,460276,PT21M19S,544
la RINASCITA FERRARI - l’OBLIO di Perez e Stroll - Post GP F1 Canada,2023-06-19T20:00:05Z,17435,267035,PT13M1S,481
QUANTO HO GUADAGNATO dalla mia prima operazione immobiliare?,2021-10-03T16:01:48Z,32989,721298,PT29M59S,1234
FOLLIA IN PISTA. Mi distrugge la macchina 3 volte. Perché? Vendetta? - Legend Cars Branduzzo Gara 4,2021-07-26T11:17:37Z,68247,1459405,PT10M13S,6326
Vi svelo le AUTO DA CORSA più SEGRETE al mondo - Dallara,2023-05-17T16:00:32Z,28303,748455,PT1H13M17S,908
LA GARA PIÙ BELLA DI SEMPRE nelle Legend Cars,2022-09-16T16:06:55Z,23862,293767,PT22M19S,486
È FINITA COSÌ…- Racing Is Life Predator's 2021 - Varano R06 Gara 1,2021-10-01T15:45:03Z,29667,655260,PT29M32S,458
il Mondiale F1 più FOLLE di SEMPRE🤯🏎,2023-03-08T13:00:06Z,34348,437811,PT40S,62
QUESTO VIDEO MI É COSTATO 21.700€ - Tutte le cadute di Alberto Naska,2020-08-27T16:00:08Z,44861,1157526,PT15M5S,1266
HO AVUTO PAURA... Vi presento la nuova Yamaha MT09,2021-03-14T17:00:38Z,18300,346848,PT14M37S,714
il MOTORSPORT in ITALIA É...😡🇮🇹,2022-12-07T18:00:19Z,30966,449463,PT50S,499
VIVO PER MIRACOLO - Analizzo l'incidente di Zhou e Nissany e la strategia Ferrari - Silverstone 2022,2022-07-04T13:35:18Z,41670,467407,PT16M15S,1334
NON CI POSSO CREDERE - Racing Is Life Naskar 2022 EP.5,2022-07-07T16:09:52Z,38252,571652,PT38M18S,1640
Cos’è successo alla FERRARI? 😧,2022-11-08T17:30:00Z,28004,322510,PT17M32S,877
A 3400 METRI D'ALTEZZA🏔️,2022-11-04T18:00:06Z,14563,322101,PT1M,107
FINO ALL' ULTIMA CURVA,2022-11-18T17:01:32Z,36305,598483,PT1H8M27S,1394
In Italia LO FACCIAMO MEGLIO - EuroNASCAR Vallelunga Gara 1,2022-08-28T16:42:23Z,33892,547580,PT37M55S,762
Hanno SABOTATO DI NUOVO la LEGEND...nella FINALE,2023-12-31T14:09:51Z,22870,310994,PT39M2S,694
ANCORA NON CI CREDO - Misano FX3 Gara 1 - Racing Is Life Predator's 2021,2021-08-22T16:00:08Z,67088,1360974,PT35M10S,3090
STANNO ARRIVANDO,2022-12-05T18:49:23Z,11161,122721,PT2M12S,742
Ho ROTTO due VERTEBRE - EuroNASCAR Valencia Gara 1,2023-05-19T16:00:53Z,26889,426087,PT38M57S,394
NASKA e  @Jakidale CREANO IL PANICO NELLA SMART E-CUP - Imola Round 3,2021-09-05T10:00:01Z,24146,398421,PT27M39S,571
QUI SONO TUTTI MATTI! - La mia prima gara in EURONASCAR - Racing Is Life Naskar 2022 EP.3,2022-06-05T16:02:50Z,40722,666715,PT46M38S,1426
BRACCIO ROTTO... CAMPIONATO FINITO - EuroNASCAR Zolder Gara1,2022-10-25T16:30:40Z,29066,510516,PT38M14S,588
SI STACCA IL VOLANTE DURANTE LA GARA!! - Legend Cars Modena Gara 1 - Racing Is Life Legends 2021,2021-05-19T16:00:19Z,36949,670969,PT23M45S,1068
i Miei 3 SEGRETI per le FOTO CON SMARTPHONE📲,2022-12-06T17:30:04Z,41720,614741,PT39S,73
Mi ha UMILIATO sugli SCI,2022-02-10T18:03:07Z,13386,251715,PT16M11S,249
300mila EURO PER UN IPHONE - Le follie del mio viaggio in Venezuela -  travel vlog,2020-12-31T13:00:08Z,76016,2108977,PT25M55S,2406
la SPECIALE VERNICE della Formula 1!🏎,2023-06-07T12:00:04Z,34136,434743,PT52S,68
Vincere un MONDIALE F1.. Senza vincerlo😅🏎,2023-05-29T12:00:04Z,22967,280062,PT41S,271
SPIEGO a Valentino Rossi come NON fare curva 2 a Misano,2021-12-03T16:32:28Z,31976,551907,PT14M55S,522
Il mondiale finito NEL MODO PIÙ INSENSATO della storia della FORMULA1,2022-10-11T16:00:27Z,23894,378040,PT15M30S,657
Ho vissuto 3 NOTTI A TOKYO - Ecco perché é UN ALTRO PIANETA,2023-10-27T16:29:39Z,20772,650547,PT46M4S,774
MI HANNO RUBATO LA MACCHINA - DisneyWorld America,2023-03-03T17:30:03Z,20156,486236,PT30M28S,617
PICCHIATO DAL KART,2021-02-17T17:00:26Z,20687,339095,PT14M34S,438
L'ERRORE PIU' GRANDE della mia vita - Vi racconto tutta la storia della Opel GT,2022-05-01T16:00:32Z,27424,482665,PT26M37S,1233
"""Questa DOMANDA SCOMODA nessuno la vedrà in un tuo video""",2023-02-03T17:30:00Z,14258,198933,PT20M23S,227
Ho Guidato la mia NASCAR nel METAVERSO - Dverso,2024-01-02T17:29:20Z,7952,94218,PT14M35S,246
"Sainz ARROSTO, Tsunoda CAPRICCIOSO, Leclerc EROE - Post GP Formula 1 Austria",2022-07-11T17:17:53Z,31477,598487,PT14M19S,636
Ho COMPRATO UNA CASA e… ci ho GUADAGNATO!🤑,2023-02-15T17:30:02Z,19881,378540,PT51S,194
NON SO COSA DIRE…,2021-12-24T17:00:39Z,27840,502205,PT28M43S,1079
MI SVEGLIO PARALIZZATO - Ladri in casa o allucinazioni?,2020-11-22T16:57:13Z,46776,666999,PT7M18S,2633
il Pilota più SFIGATO della Formula 1😅,2023-05-03T12:00:32Z,32276,454427,PT42S,91
QUESTO É il FUTURO!📺✨,2022-09-23T17:30:03Z,26153,510718,PT1M,545
IL FOLLE GESTO DI FENATI IN MOTO 2 - LA VERITA'?,2018-09-10T16:44:28Z,51585,1302146,PT3M58S,1372
UN SEGRETO CHE VI CAMBIERA' LA VITA IN PISTA - CONSIGLI IN MOTO,2018-03-01T17:29:46Z,27664,900730,PT6M13S,815
4 SEGRETI PER ANDARE FORTE IN MOTO -  yamaha r1,2017-10-26T15:00:05Z,16551,1001036,PT8M59S,474
COME DIVENTARE PILOTI DI MOTO (O AUTO)?,2018-09-26T16:00:28Z,15444,305361,PT13M10S,430
Ciao Dany ❤️,2021-03-19T16:59:56Z,49946,405927,PT10M37S,4199
SONO ANDATO ALLA NASA!,2023-05-16T16:30:03Z,11377,136001,PT11M50S,230
25 CONSIGLI SULLA GUIDA IN MOTO - PARTE 3,2019-10-17T16:00:06Z,17786,305762,PT10M18S,478
ECCO PERCHÉ IL 2018 SARÀ L'ANNO MIGLIORE DI SEMPRE,2018-03-17T17:37:48Z,13623,130259,PT4M34S,1048
PILOTA PROFESSIONISTA VS PILOTA AMATORE - Naska Vs Salvadori,2018-09-09T15:55:50Z,25520,595263,PT17M52S,1109
PURTROPPO NON CORRERO' PIU' UNO DEI CAMPIONATI MOTO DI QUEST'ANNO - CALENDARI E GARE 2019,2019-04-08T16:00:27Z,12460,174335,PT7M19S,258
Dice che PORTO SF!GA.,2022-12-06T18:48:01Z,14410,195974,PT16M2S,179
LA GARA PIU' INCREDIBILE DI SEMPRE,2018-06-07T16:30:03Z,7039,91182,PT2M30S,229
IL MIO NUOVO SIMULATORE 😍,2021-07-29T16:00:04Z,25883,532669,PT10M34S,675
13 Sorpassi SENZA SORPASSARE - Mitjet Monza Gara 2,2023-08-14T17:00:04Z,16367,230893,PT17M14S,220
LA MIA VITA DOPO L'INCIDENTE - Alberto Naska Weekly vlog,2020-09-18T15:59:15Z,35229,705520,PT17M55S,819
Il primo SMART SUV del MONDO!,2022-11-22T18:14:08Z,7214,114151,PT11M31S,453
CONSIGLI FONDAMENTALI PER CHI VA IN PISTA IN MOTO,2019-04-06T16:00:45Z,10601,170734,PT10M47S,232
Come NON si vince una gara,2021-11-30T17:16:15Z,23987,209975,PT13M31S,407
SFIDO LA MIA PAURA PIÙ GRANDE,2022-10-21T16:11:46Z,19931,367060,PT18M5S,350
SORPRENDO MIA MAMMA e mia SORELLA con un regalo speciale,2021-12-21T17:00:26Z,12457,157731,PT16M8S,286
la Gara PIÙ PERICOLOSA del Motorsport😨,2023-03-17T13:00:05Z,34363,481129,PT53S,100
RITORNO IN MOTO!,2021-02-07T17:00:07Z,13323,166157,PT10M41S,453
L'altra mia NUOVA AUTO - BMW Z4 M40i,2020-10-14T15:57:02Z,18420,280986,PT17M8S,797
La nostra prima volta in un 2 stelle Michelin (Davide Oldani),2021-11-12T11:45:01Z,14776,320357,PT21M18S,304
Mi sono fatto UN ORTO in CASA!,2022-09-22T16:45:45Z,16032,214207,PT13M56S,356
LA SUPERCAR PIU' COSTOSA CHE ABBIA MAI VISTO - GOODWOOD 2019,2019-07-23T15:45:10Z,18800,488369,PT15M41S,512
La mia prima ENDURANCE di 24H - COI PILOTI DI FORMULA 1!! Capelli Patrese Pantano Morbidelli Biagi..,2020-01-24T17:15:01Z,16162,277148,PT17M55S,349
REAGISCO AL COLLEGIO 6 - Che Trash!! (Non è Racing Is Life),2021-11-05T14:08:54Z,20217,279627,PT20M8S,978
VI MOSTRO LA MIA CASA - NASKA HOME TOUR,2021-05-05T16:00:17Z,28132,455243,PT14M10S,698
LA PASTA ALLA CARBONASKA - Come si fa la carbonara? by @prokitchenitalia,2020-05-26T15:59:33Z,28310,376861,PT16M15S,533
Una PICCOLA AVVENTURA 👀🌄,2022-09-28T17:00:08Z,19084,357724,PT1M,142
Una PICCOLA AVVENTURA 👀🌄,2022-09-28T17:00:08Z,19084,357724,PT1M,142
COME FUNZIONA la POWER UNIT di F1?💥,2023-01-30T18:00:00Z,26190,499966,PT54S,151
IL FRENO MOTORE: CHE COS'È? PERCHÈ ESISTE? COME SI USA? - AUTO E MOTO su STRADA E PISTA,2019-05-12T16:00:02Z,23222,354634,PT14M51S,897
Ho guidato LA MEDICAL CAR della FORMULA 1!,2022-04-13T18:38:08Z,13633,206772,PT13M29S,361
Perchè le NASCAR NON CORRONO… SUL BAGNATO?😅🌧️,2023-03-27T12:00:05Z,37571,480123,PT50S,62
"NON FARE MAI QUESTO CON LE GOMME DELLA MOTO!! - Come conservare le gomme? Stradali, Racing, Offroad",2021-01-17T16:59:11Z,22524,371483,PT14M44S,456
Mi Hanno REGALATO un VERO CASCO di F1😍🏎,2023-06-05T16:00:04Z,19701,247629,PT59S,87
VERSTAPPEN OCON: INCIDENTE F1 BRAZILIAN GRAN PRIX - CHI HA SBAGLIATO?,2018-11-12T16:18:04Z,29080,381169,PT5M1S,1852
"QUANTO GUADAGNO REALMENTE da Youtube, Facebook e Twitch? - Vi svelo i miei guadagni REALI",2020-09-23T15:47:41Z,55545,861357,PT19M16S,2895
VI ANNUNCIO DOVE CORRERÒ NEL 2023,2023-04-12T16:31:37Z,15527,166868,PT6M40S,233
Vi Mostro il MOTORE della EURONASCAR🔥😏,2023-03-15T13:00:42Z,25609,448496,PT57S,275
LA VERA STORIA DI LAMBORGHINI - Provo la Huracàn Evo a Imola,2020-10-28T17:06:53Z,16490,247180,PT12M16S,425
l'Auto da 600.000.000€ che NESSUNO ha mai Comprato,2022-12-14T17:30:09Z,23842,495082,PT13M11S,618
A FUOCO!!!! - Modena FX3 Gara 2 - Racing Is Life Predator's 2021,2021-06-16T16:00:25Z,20185,323392,PT12M18S,524
LA MIA NUOVA MOTO,2021-06-11T16:00:08Z,21813,219960,PT8M39S,1003
L'HO REGALATO a MIO PADRE! prima volta in 78 anni!,2022-01-31T16:45:01Z,17371,211647,PT17M58S,375
"DISASTRO MOTOGP, LORENZO CRASH - SCANDALO F1 VETTEL VS HAMILTON - L'ANALISI COMPLETA",2019-06-18T15:57:13Z,36005,785062,PT13M13S,2061
MI HA SPACCATO LE GAMBE!!!!!!,2018-01-09T19:42:11Z,12948,449464,PT12M54S,383
FARE I SALTI CON LA YAMAHA R3,2020-07-13T15:45:00Z,14717,280275,PT12M46S,192
Lo STUPIDO e L'EROE,2022-04-29T16:12:23Z,11209,144305,PT13M34S,178
VAAAAAAAAAAAAAAAA BEEENE,2021-11-02T17:41:47Z,20246,298213,PT9M21S,791
VA PIU' FORTE UN'AUTO O UNA MOTO? - AUTO VS MOTO GP -NASKA,2018-02-12T16:43:58Z,32098,835262,PT11M48S,1023
DALLE STELLE ALLE STALLE - motovlog naska,2018-02-06T19:39:50Z,9224,228717,PT11M1S,254
Stanno DIVENTANDO Veramente UN INFERNO,2023-12-24T12:00:33Z,12319,145105,PT20M44S,231
Torno IN PISTA IN MOTO CON LA QUARANTENA - Yamaha R1 2020,2020-03-27T17:01:33Z,33615,342893,PT10M46S,3117
L’HO BUTTATO FUORI - Racing Is Life Legends 2022 EP.7,2022-08-04T15:59:58Z,19454,256379,PT15M8S,247
SORPRENDO MIA MAMMA per la Festa Della Mamma,2023-05-22T16:30:08Z,7448,97954,PT12M5S,192
COME VIENE CREATA UNA TUTA DA MOTOGP DAINESE? - LA MIA NUOVA TUTA DA GARA,2019-04-25T16:00:05Z,20824,511631,PT14M59S,411
La mia SECONDA GARA A MONZA! - Finita MALE... - BMW M2 CS Racing,2022-06-02T16:26:33Z,21119,354255,PT28M46S,321
HO PROVATO LA Z4 IN PISTA,2020-12-23T17:00:01Z,9162,117482,PT8M2S,219
UNO SCHIFO: TORNO AD ALLENARMI DOPO 7 MESI,2021-03-21T17:00:10Z,14852,189517,PT12M6S,313
QUESTO SARÀ L'ULTIMO VIDEO,2019-10-28T16:30:09Z,15402,169151,PT7M17S,621
"UN TRUCCO per andare PIU' FORTE in MOTO, AUTO, KART",2021-09-23T10:45:02Z,16069,152526,PT11M3S,379
QUESTO RAGAZZO FARA' QUALCOSA DI EPICO IN MOTO,2018-04-18T16:48:03Z,21590,440873,PT10M43S,526
La MIA PRIMA GARA del 2023,2023-02-07T17:31:13Z,13574,182619,PT16M20S,139
NON SI MOLLA MAI - RACING IS LIFE EP.22,2019-06-30T16:00:05Z,16750,239039,PT14M,473
LE CONDIZIONI PEGGIORI IN CUI ABBIA MAI CORSO - RACING IS LIFE EP.50,2019-11-18T17:00:00Z,12133,188937,PT15M36S,276
SCHIANTARE UNA PREDATOR CONTRO IL GUARD RAIL - Modena FX3 Gara 1 - Racing Is Life Predator's 2021,2021-06-04T16:00:18Z,23355,435051,PT18M31S,457
"Povero LECLERC, che pista BRUTTA, mondiale CHIUSO?",2022-07-25T15:36:35Z,37782,412450,PT12M28S,633
GOLF DA 400CV PAZZESCA!!! PROVA IN PISTA | TUNING AUTO,2019-02-17T16:53:46Z,9875,447813,PT11M32S,493
Questo NUOVO MEZZO mi CAMBIERÀ LA VITA! 😍,2022-03-03T17:00:24Z,22715,421055,PT15M58S,570
FRENI INFUOCATI AUDI RS3 A MISANO - TCR DSG ENDURANCE - RACING IS LIFE 2019 EP.17,2019-06-20T16:30:00Z,13555,225277,PT17M29S,402
MA COSA STAVO FACENDO?? 😂 - HEROES RACE,2018-07-07T16:31:44Z,16434,536217,PT15M43S,341
Ho un nuovo ATTREZZO Super FIGO,2023-03-29T15:23:06Z,7261,101264,PT9M30S,147
ME LA RISCHIO PESANTE AL MUGELLO - Racing Is Life 2020 Ep.3,2020-07-03T17:05:23Z,13465,200623,PT16M31S,226
MA DOVE C**** FRENI??,2020-06-04T12:00:01Z,15963,197297,PT10M2S,379
NUOVO REGALO PER LA MOTO - Recensione Dainese Smart Jacket,2021-01-04T17:08:58Z,17173,213675,PT7M18S,546
AUTO vs MOTO: chi va più veloce?  @EdoardoMazzuoli vs @AlbertoNaska,2022-06-28T17:28:00Z,15617,182725,PT16M41S,175
L'accelerazione e l'uscita di curva - Come andare forte in moto?,2020-09-11T15:57:30Z,9525,136037,PT18M21S,361
LA MIA NUOVA AUTO DA CORSA - RACING IS LIFE EP.34,2019-08-09T16:48:25Z,18615,266928,PT13M54S,611
10 GIRI DI GUERRA CONTRO UN CAMPIONE DEL MONDO - ENDURANCE @ Cartagena - Part 2,2020-03-02T16:59:19Z,13100,182314,PT13M55S,297
C'É ANCORA SPERANZA... Racing Is Life Legends 2021 - Varano Gara 1,2021-10-08T10:28:08Z,20137,301316,PT16M29S,307
3 ANNI DOPO...,2021-09-28T16:00:19Z,18556,214534,PT18M17S,517
NASKA SBROCCA e finisce in DIREZIONE GARA,2022-01-19T16:45:00Z,17299,294745,PT18M50S,405
NIENTE PIU' OMBRELLINE NEI GP FORMULA 1,2018-02-23T17:03:39Z,5207,81580,PT6M32S,493
LA MOTO PIU' STRANA CHE ABBIA MAI VISTO - EASY RIDER TORINO,2018-10-07T16:08:13Z,9093,146211,PT10M12S,261
COME SCEGLIERE LE GOMME PER LA MOTO? - COMPARATIVA DUNLOP,2018-05-08T16:48:47Z,7507,139214,PT10M25S,242
LE CONDIZIONI PEGGIORI IN CUI ABBIA MAI CORSO IN MOTO - RACING IS LIFE EP.13,2019-05-28T16:00:00Z,15826,251596,PT15M51S,306
QUESTA ha rivoluzionato LE MIE GARE!,2022-09-08T15:51:43Z,9769,110737,PT11M54S,149
Ho DECISO di NON CORRERE.,2023-06-11T16:30:08Z,22507,350736,PT18M29S,319
LA PIÙ GRANDE BOTTA DI C... della mia VITA,2023-03-24T18:40:26Z,19996,193788,PT5M57S,360
COSA SIGNIFICA mangiare in un RISTORANTE STELLATO - Joia Milano Pietro Leemann,2021-10-28T16:00:22Z,14908,232911,PT20M44S,538
A 260km/h con la R1 NEL GIARDINO DI UN MILIONARIO - Prova e recensione Metzeler Sportec M9RR,2020-03-13T17:14:29Z,12445,198273,PT11M59S,388
NON PUÒ FINIRE COSÌ....Racing Is Life Predators 2021 EP.3 - Varano Gara 2,2021-05-02T16:00:08Z,22316,321781,PT15M38S,360
"LE ""MIE"" DUE NUOVE AUTO - BMW M235i xDrive Gran Coupé TEST DRIVE e recensione",2020-07-15T15:59:43Z,22891,320285,PT16M57S,1995
LA MIA PRIMA GARA A MISANO! - RACING IS LIFE EP.30,2018-10-25T16:00:03Z,13272,238170,PT14M2S,862
VINCO UNA GARA ARRIVANDO ULTIMO (cioè quasi ultimo...vabbè ora capirete),2022-09-20T16:00:32Z,20623,326666,PT26M1S,326
La mia NUOVA MOTO / AUTO,2022-11-25T18:10:44Z,8959,137920,PT12M51S,307
LE CONDIZIONI PEGGIORI IN CUI ABBIA MAI CORSO - RACING IS LIFE EP.50,2019-11-18T17:00:00Z,12133,188937,PT15M36S,276
Vi svelo DOVE CORRERÒ in MOTO NEL 2020,2020-02-05T16:38:12Z,16341,195959,PT12M21S,598
"A MONTECARLO IN ASTON MARTIN con HAMILTON E VERSTAPPEN - Provo la Vantage, DB11 e DBS",2019-12-15T17:00:19Z,25675,574318,PT18M44S,406
COME SUPERO LA CATTIVERIA DI ALCUNI COMMENTI? - Q&A Part 2,2020-05-29T15:57:31Z,12204,146832,PT14M31S,522
SEMBRA LA BATMOBILE!! BMW 840D - RECENSIONE e PROVA IN PISTA,2019-07-07T15:44:20Z,10347,174147,PT15M30S,395
UNO STUNTMAN PARAPLEGICO??,2017-10-06T12:00:00Z,3492,77594,PT3M41S,77
Lo strano lavoro del MECCATRONICO,2021-11-19T16:58:09Z,14614,226727,PT25M44S,458
Ho Guidato la GT più POTENTE della Mia Vita.,2023-06-15T16:30:09Z,13721,215714,PT19M58S,202
E se corressi in MOTO 3 o MOTO2? HO avuto una SPINTARELLA ECONOMICA? - Q&A Part 3,2020-01-17T17:15:00Z,12012,178752,PT10M30S,215
HO SCHIANTATO LA SMART... - Racing Is Life Smart E-Cup 2021 Ep.2 - Pergusa Gara 2,2021-06-23T16:00:26Z,20415,350421,PT13M8S,674
IMPRESA FOLLE: 6 gare in un giorno con 3 auto diverse,2021-09-20T12:16:25Z,19723,251644,PT23M35S,380
QUESTA E' UNA MOTO DA CROSS!! ???? - Prova KIT3 @ Branduzzo,2018-11-04T17:19:03Z,8365,146041,PT8M59S,302
MI HANNO OPERATO (DI NUOVO) - Weekly Vlog,2020-01-31T17:12:36Z,22968,550369,PT18M35S,486
LA DITTA DEMOLIZIONI TORNA A FATTURARE,2020-05-22T15:59:25Z,19466,264676,PT10M26S,422
IL GIORNO PIU' BELLO DELLA VITA - LE MANS @ MOTOGP 2018,2018-06-08T16:00:04Z,36717,803538,PT14M59S,1168
IL SEGRETO PER LA PASTA AL POMODORO PERFETTA - Luca di Pro Kitchen mi insegna - Chef Naska,2020-04-09T17:09:01Z,19155,343426,PT15M9S,522
FACCIAMO CHIAREZZA - Vallelunga FX3 Gara 1 - Racing Is Life Predator's 2021,2021-07-09T16:00:41Z,18727,248830,PT16M13S,600
La più grande OCCASIONE DELLA TUA VITA 😲 - Puoi correre nella Porsche Carrera Cup TUTTO PAGATO,2022-05-17T16:00:23Z,10296,132551,PT3M58S,501
🤩SONO ENTRATO NELLA SUPERBIKE 🤩,2018-08-09T17:29:13Z,20257,482356,PT10M46S,429
la FERRARI F1 CAMBIA COLORE per un litigio (1964),2024-01-08T17:25:16Z,9883,105751,PT16M41S,174
CHE BOTTO!!! Incidente Russell Bottas: chi ha torto? - Post GP Formula 1 Imola,2021-04-19T11:43:28Z,31862,486357,PT8M52S,1794
"Vi presento la EuroNASCAR 2023 - Nuova auto, Nuova livrea!",2023-05-04T16:00:16Z,16916,216495,PT16M35S,256
HO ESAGERATO con la BMW M2 CS in pista - STAVO PER...,2020-11-20T17:00:04Z,15962,261799,PT15M42S,504
NON NE POSSO PIÙ.... - Modena FX3 Qualifiche - Racing Is Life Predator's 2021,2021-06-02T16:00:18Z,18846,269160,PT13M23S,325
"George Russell FENOMENO, oppure Hamilton SOPRAVVALUTATO? F1 2020 Sakhir GP",2020-12-07T11:11:31Z,21811,260994,PT6M15S,2047
VI SVELO tutti i miei SEGRETI,2022-12-08T17:47:14Z,11727,154108,PT23M58S,237
NUOVO RECORD DELLA PISTA A FRANCIACORTA - CONSIGLI DI GUIDA DA FABRIZIO PEROTTI,2019-10-06T15:57:17Z,11207,175153,PT15M27S,170
MI È PASSATA LA VITA DAVANTI - RACING IS LIFE EP.15,2019-06-05T15:59:39Z,25166,460987,PT17M50S,1118
PILOTA MI UMILIA MENTRE MI SORPASSA - Racing Is Life Legends 2021 EP.5 - Varano Gara 2,2021-05-07T15:52:43Z,22886,427890,PT20M54S,405
PILOTA NORMALE VS PILOTA DISABILE - LE DIFFERENZE DI GUIDA,2018-09-13T16:35:08Z,10285,124994,PT10M2S,405
COMINCIAMO BENE...,2023-01-15T17:30:05Z,19121,289306,PT14M15S,465
La MALEDIZIONE delle Legend Cars a Castelletto,2022-10-04T16:00:35Z,19884,246955,PT17M24S,366
LA MIA ANATRA sarà il mio nuovo VIDEOMAKER,2023-06-28T16:00:31Z,6547,101322,PT12M59S,137
INCIDENTE HAMILTON ALBON - Giusta la penalità? - Formula 1 Gp Austria 2020,2020-07-06T10:43:29Z,23863,333018,PT6M19S,1420
NON CE LA FACEVO PIÙ,2021-03-09T14:42:06Z,17196,229261,PT15M46S,591
RACING IS LIFE MOTO 2020: da oggi INIZIA!,2019-11-03T17:00:08Z,14555,217864,PT16M37S,227
LA BARCA PIÙ PAZZA DEL MONDO - 1000 CAVALLI e 50 NODI!,2019-08-20T15:45:01Z,21476,497535,PT13M49S,458
"OH RAGA, PIANO alla prima curva",2021-12-07T17:19:30Z,20459,388234,PT19M21S,342
GUARDATE COSA FA MIA NONNA A 102 ANNI 😱 - BUONE FESTE! - MOTOVLOG,2017-12-28T09:08:44Z,11664,164530,PT8M51S,718
PAZZESCO: HO GUIDATO UNA NASCAR DA 420 CAVALLI!,2019-04-09T16:00:00Z,14646,268928,PT10M22S,533
Da LAVAPIATTI a MILIONARIO -  La vera storia di @andreamauriziogilardoni,2020-08-31T16:01:26Z,33274,871941,PT1H23M20S,2168
LA SETTIMANA IN MOTO PIU' FOLLE DELLA MIA VITA - Weekly Vlog,2019-05-31T16:00:00Z,14360,230441,PT16M,376
UNA CADUTA IN MOTO DA ZERO EURO DI DANNI? - RACING IS LIFE EP.38,2019-08-28T16:15:01Z,16309,284339,PT13M59S,283
COSA HANNO COMBINATO?? - Legend Cars Modena Gara 4 - Racing Is Life Legends 2021,2021-06-27T16:00:08Z,34928,286187,PT20M25S,673
"[1/2] Come andare FORTE in MOTO? Cosa vuol dire SPIGOLARE?: Frenata, Ingresso e traiettoria",2020-09-10T16:30:02Z,14812,206465,PT19M35S,445
SON FINITO DI NUOVO AL PRONTO SOCCORSO - RACING IS LIFE EP.31,2019-07-28T16:02:39Z,22436,398232,PT13M29S,867
Nicole mi bagna la Z4 💦 con @mikedambro8871  😎,2021-06-06T16:00:12Z,15644,220133,PT14M53S,619
VI SVELO UN SEGRETO. NON HO MAI... - Racing Is Life Legends 2021 Ep.6,2021-05-12T16:00:16Z,25359,340500,PT13M31S,560
L’HO RIMAPPATA,2021-11-26T17:00:17Z,14414,207098,PT18M38S,291
GUIDO UNA YAMAHA R3 DEL MONDIALE! E POI........,2019-12-20T17:00:01Z,12045,230289,PT17M48S,228
DISASTRO FERRARI - cos’è successo davvero?,2022-08-01T10:55:03Z,30307,317870,PT9M51S,1450
L'ULTIMO TEST PRIMA DELLA GARA FINALE - RACING IS LIFE EP.40,2019-09-15T15:15:01Z,13735,197279,PT14M45S,333
MOTO + FIDANZATA,2021-08-18T16:37:48Z,18385,247084,PT10M47S,554
COSA E' SUCCESSO??? - RACING IS LIFE EP.39,2019-08-30T15:54:17Z,18061,309640,PT13M7S,417
La mia PRIMA GARA A MONZA! - Nel circuito della Formula 1 😍,2022-05-22T15:47:21Z,22111,387714,PT25M56S,353
"ANCHE QUESTA VOLTA!?....... NO, ti prego....",2021-11-07T16:11:18Z,18627,259025,PT13M21S,252
TIFOSA PAZZA PER NASKA IN TRIBUNA - Legend Cars Modena Gara 3 - Racing Is Life Legends 2021,2021-06-20T16:45:00Z,24741,415359,PT11M53S,482
È SUCCESSO L’IMPENSABILE 😳 - Racing Is Life Naskar 2022 EP.4,2022-06-09T15:52:09Z,31194,350465,PT23M37S,1296
TUTTA LA GARA COSÌ - Legend Cars Modena Gara 2 - Racing Is Life Legends 2021,2021-05-30T16:00:16Z,21772,326963,PT21M20S,501
IL MODO PEGGIORE DI INIZIARE IL WEEKEND DI GARE - RACING IS LIFE 2019 EP.42,2019-09-20T15:45:00Z,22106,349374,PT15M24S,564
INSEGNO A DANNY LAZZARIN COME DISTRUGGERE UN'AUTO DA CORSA - Torino @ Automotoretrò,2020-02-18T17:00:10Z,14069,254649,PT12M46S,132
NUOVO RECORD DELLA PISTA IN MOTO - CERVESINA CIRCUITO TAZIO NUVOLARI by ANDREA MAESTRI,2019-09-13T15:50:51Z,11596,173267,PT12M54S,169
La mia NUOVA AUTO DA CORSA - Dove correrò nel 2023,2023-03-23T17:03:39Z,19077,270199,PT17M15S,475
Finalmente SI CORRE! Primo test AL MUGELLO! - Racing Is Life 2020 Ep.01,2020-06-22T17:30:04Z,13683,171994,PT16M3S,354
Mi sono INNAMORATO di una SICILIANA,2022-12-20T18:03:04Z,16488,272130,PT17M47S,403
CHE COS’É QUESTO?,2021-07-12T16:08:39Z,12166,154944,PT14M21S,398
NON NE POSSO PIÙ...,2022-10-18T16:00:06Z,18480,282140,PT24M50S,340
QUELLO CHE SUCCEDE QUANDO SI ESAGERA,2019-10-24T17:31:39Z,13551,159070,PT5M39S,151
IL MIO NUOVO AMICO! - NASKA VLOG,2018-02-21T18:01:04Z,5542,129864,PT11M59S,207
MEGA INCIDENTE ALLA SECONDA GARA - Racing Is Life Legends 2021 EP.03,2021-04-02T12:57:34Z,29369,460781,PT18M6S,967
Ho guidato UN’ASTRONAVE - Mercedes AMG GT4 - Merbag,2022-07-15T15:43:40Z,17992,254730,PT18M59S,310
RIMETTO LA TUTA DA MOTO DOPO L'INCIDENTE - Weekly Vlog,2020-10-21T16:33:20Z,18629,284966,PT14M47S,370
LA PISTA PIU' DIFFICILE - RACING IS LIFE EP.17,2018-07-11T15:52:40Z,12659,303767,PT14M58S,328
SOLO IO vedo STE COSE?,2023-02-10T17:30:00Z,10164,149502,PT15M57S,104
LA MIA NUOVA AUTO DA CORSA! 🤩 - RACING IS LIFE 2019 EP.2,2019-04-03T15:53:17Z,18664,350492,PT14M34S,580
CONFICCATA IN GOLA,2021-03-26T13:19:03Z,28246,525853,PT18M7S,592
SCHERZO TREMENDO a Riccardo Dose,2022-10-02T16:06:31Z,20222,256051,PT16M51S,330
LA MIA NUOVA ASSURDA AUTO DA CORSA,2021-05-16T16:02:05Z,20157,235213,PT11M56S,1069
IL MIO NUOVO RECORD! - Provo una gomma PAZZESCA a Cartagena,2019-12-28T17:00:09Z,11521,201796,PT17M40S,174
IMPOSSIBILE CORRERE LA GARA IN QUESTE CONDIZIONI... - RACING IS LIFE EP.52,2019-12-01T17:08:36Z,17408,345351,PT13M37S,246
TORNO IN PISTA IN MOTO! - Provo una SUPERBIKE da MONDIALE - Ducati Panigale V4R WSBK,2020-11-01T16:59:33Z,23600,428175,PT18M51S,727
LA NOSTRA PRIMA VOLTA,2022-09-15T16:19:26Z,15846,238921,PT12M42S,272
⛈️ UNA CORSA CONTRO IL TEMPO ⛈️ - RACING IS LIFE EP.19,2018-07-31T16:15:48Z,10998,277533,PT12M1S,218
LA MIA NUOVA (un'altra) AUTO DA CORSA - RACING IS LIFE EP.46,2019-10-29T17:00:02Z,11185,172386,PT12M54S,211
LA MIA PRIMA FOLLE GARA SU UNA SMART ELETTRICA - Racing is Life Smart 2021 - EP.1,2021-06-09T16:00:14Z,21175,315955,PT20M57S,684
ATTENTI ALLA TRUFFA,2021-01-14T20:24:17Z,23273,196992,PT3M52S,614
INCIDENTE FRONTALE IN PISTA - Formula Predator's a Misano,2020-12-14T17:00:01Z,24365,431349,PT17M22S,669
BASTA. É ORA DI CAMBIARE,2022-09-14T16:00:26Z,23495,292304,PT9M42S,1251
SCONVOLTO DALLA NUOVA GRAFICA - RACING IS LIFE Legends 2021 EP.1,2021-03-24T17:00:05Z,19170,243304,PT16M3S,609
DALLE STELLE ALLE STALLE - Quarantena Vlog 1,2020-03-25T17:00:06Z,16515,265532,PT10M7S,532
LA MIA NUOVA AUTO DA CORSA 2021,2021-03-03T17:00:10Z,16935,198905,PT14M47S,638
ADDIO,2021-04-25T16:00:18Z,31858,358400,PT12M49S,1468
Come funzionano le aziende MULTIMILIONARIE di Andrea Gilardoni?,2021-09-26T15:46:48Z,9085,118783,PT19M49S,332
"EICMA 2018: MOTO, RAGAZZE E DISSING CON FIL",2018-11-13T16:58:33Z,16274,378874,PT13M4S,375
POTRÓ correre in MOTO nel 2021? - Vi aggiorno sulle mie condizioni di salute - Weekly Vlog,2020-12-06T16:03:27Z,21997,300738,PT12M2S,445
LA PRIMA VOLTA...NON SI SCORDA MAI! - RACING IS LIFE 2019 EP.6,2019-04-19T17:00:06Z,17976,318433,PT17M38S,571
HO SPACCATO LA LEGEND - Racing Is Life Legends 2022 EP.4,2022-06-26T16:48:36Z,19989,291261,PT30M49S,271
Il MODO PEGGIORE di finire il campionato,2021-12-22T17:00:04Z,17435,223636,PT18M56S,283
IL DOPING nel motorsport ESISTE? Come trovo gli SPONSOR? Q&A Part 1,2020-01-10T16:59:13Z,9782,131850,PT13M10S,299
IL MIO PRIMO HIGH SIDE - VOLO DI 2 METRI COL MOTARD,2019-09-02T16:15:00Z,22786,584700,PT15M13S,498
LA settimana PIÙ FOLLE della MIA VITA,2019-11-15T17:00:07Z,17540,276162,PT17M55S,294
NON SI PUÒ ANDARE AVANTI COSÌ - RACING IS LIFE 2019 EP.25 FORMULA,2019-07-10T15:45:00Z,15770,247161,PT12M59S,390
COME mi hanno RUBATO 11.500€ DI ATTREZZATURA,2022-05-20T15:47:20Z,27552,384201,PT12M6S,1605
Non so COME sia POSSIBILE - RACING IS LIFE 2019 AUTO EP.49,2019-11-13T17:00:05Z,12052,211729,PT14M8S,234
I MIEI 10 MIGLIORI SORPASSI - RACING IS LIFE 2018 AUTO,2019-01-10T16:52:31Z,8424,185765,PT17M58S,193
VOLEVANO RUBARMI LA MOTO - RACING IS LIFE EP.22,2018-08-21T15:19:40Z,25744,1110718,PT16M23S,716
HO QUASI DISTRUTTO L'EURONASCAR,2023-03-31T16:30:06Z,16188,214063,PT18M,207
CASCO MOTOGP vs CASCO FORMULA 1 - Differenze tra caschi moto e caschi auto,2021-04-16T12:00:49Z,19550,273885,PT13M22S,415
HANNO FATTO UN MACELLO - Racing Is Life Naskar 2022 EP.6,2022-07-20T16:51:11Z,27316,399017,PT35M43S,654
PRIMA VOLTA SULLA MIA YAMAHA R1 2020 DA GARA 😍,2020-05-24T16:01:20Z,16234,211226,PT10M13S,386
LA SUPERCAR PIÙ BELLA che abbia mai guidato IN PISTA - Porsche GT3 RS - POV -@MichelinGlobal Cup 2 Connect,2020-07-30T15:00:09Z,10678,157562,PT15M29S,362
"NASQUA, mi dispiace...SONO COMMOSSO - Racing Is Life Legends 2022 EP.6",2022-07-28T16:52:27Z,21241,320594,PT28M58S,353
Il mio CASCO SPECIALE per celebrare il ritorno in moto - SPAZIALE!,2020-10-18T16:00:16Z,17258,207942,PT8M1S,321
LA MIA RAGAZZA,2021-07-14T16:00:08Z,29769,577021,PT16M26S,1162
Mi dispiace…,2022-11-23T17:00:02Z,20475,233832,PT20M14S,568
A LAS VEGAS in pista SULLA CORVETTE C7 😍 - SPETTACOLARE,2019-11-26T17:54:56Z,8060,102159,PT16M3S,218
HO PROVATO UNA MOTO2 STRADALE! - Test Triumph Street e SpeedTriple RS e Daytona Moto2 limited ed.,2020-06-24T16:30:01Z,12229,177794,PT14M23S,319
COME BUTTARE NEL CESSO UN CAMPIONATO - Legend Cars Branduzzo Gara 3 - Racing Is Life Legends 2021,2021-07-22T16:08:00Z,22058,308961,PT19M47S,1078
CORONAVIRUS: SIAMO UN POPOLO DI IDIOTI?,2020-03-10T16:23:14Z,22027,209456,PT14M1S,1916
TRAVOLTO DALLA BUFERA IN NORVEGIA + Recensione SUV Citroen Nuova C5 Aircross,2018-12-23T17:01:11Z,7069,127387,PT18M18S,222
LA FERRARI POTEVA VINCERE? - Simulazioni strategie GP Ungheria,2022-08-10T16:00:30Z,20612,243709,PT15M9S,819
HO AVUTO PAURA 😱 - Weekly vlog | JET SKI,2018-08-31T15:34:35Z,12831,385928,PT15M17S,335
CAMBIO VITA,2020-12-09T16:58:41Z,50701,492268,PT19M34S,2534
95 GIRI SULLA R1: MASSACRANTI - ENDURANCE @ Cartagena - Part 1,2020-02-28T17:00:27Z,12490,163870,PT14M37S,276
A 230KM/H sull'OLIO - D'Ambrosio ROMPE LA MOTO davanti a me - Racing Is Life 2020 EP.4,2020-07-10T16:00:34Z,16229,290522,PT18M40S,297
THE FASTEST CAR I'VE EVER RACED ON - RACING IS LIFE 2019 EP.35,2019-08-13T15:45:00Z,15425,236465,PT17M40S,1359
Quando stai per fare 100.000€ di DANNI,2021-12-12T17:00:05Z,22584,314327,PT19M25S,368
NON È COME SEMBRA,2021-12-31T12:11:14Z,15199,217150,PT9M55S,398
UNA MOTO CON 3 RUOTE! - YAMAHA NIKEN PROVA + RECENSIONE COYOTE,2019-07-11T16:45:00Z,18198,374832,PT12M45S,728
Nuovi modi PER FARSI MALE,2022-03-16T17:32:45Z,8586,114323,PT11M21S,108
FOLLIA A 150km/h DI TRAVERSO! - A SCUOLA DI FLAT TRACK,2019-04-18T16:00:06Z,9971,168692,PT11M58S,162
La decisione PIÙ DIFFICILE della MIA VITA,2022-03-21T17:45:01Z,29327,319237,PT16M9S,785
Come DISINTEGRARE UNA EuroNASCAR - Racing Is Life Naskar 2022 EP.2,2022-05-09T16:52:32Z,21910,318150,PT21M29S,404
"Ciao, IO SCAPPO A MIAMI!! - Sembra di stare in GTA 5 😂",2020-03-08T17:15:26Z,24450,451788,PT21M57S,678
La mia ULTIMA GARA sulle LEGEND CARS,2022-11-30T17:00:32Z,18289,216745,PT15M35S,262
Non sono una BRUTTA PERSONA,2022-04-06T16:00:08Z,15631,202907,PT17M11S,251
I MIGLIORI MOMENTI IN MOTO DEL 2018 - RACING IS LIFE COMPILATION,2019-01-13T16:57:54Z,6401,103377,PT13M46S,164
TUTTI CONTRO NASKA - Racing Is Life Legends 2022 EP.2,2022-04-18T15:55:59Z,39360,390034,PT28M1S,520
COME HO TROVATO GLI SPONSOR? Come convincere i genitori a comprarvi la moto? - Q&A Parte 1,2020-05-08T16:01:25Z,8707,113436,PT13M28S,190
PER FORTUNA NON MI HA VISTO NESSUNO - weekly vlog,2018-07-26T16:00:11Z,13714,341444,PT12M16S,299
9.000€ per un nuovo NAS-KA,2021-07-16T16:00:04Z,17059,241135,PT18M12S,436
I primi DANNI con la NASCAR 😅 - Racing Is Life Naskar 2022 EP.1,2022-04-03T17:01:40Z,21430,300643,PT14M26S,390
COME SUPERARE ED USCIRE VINCITORI DALLA QUARANTENA? - QVLOG 2,2020-03-28T17:00:13Z,10333,111219,PT9M32S,450
Cade in moto a 250KM/H ed esce ILLESO,2020-07-07T15:55:11Z,19422,360266,PT17M27S,393
COSA PENSO DEL TOURIST TROPHY? PERCHÉ CORRO CON YAMAHA? - Q&A Part 3,2020-06-08T15:45:01Z,12912,194788,PT13M44S,317
Dovrò operarmi di nuovo?,2021-12-23T17:00:05Z,18506,301242,PT19M53S,253
LA MIA NUOVA MOTO DA CORSA 2020 - Vi svelo la grafica! - Weekly VLOG,2020-05-20T16:00:02Z,15462,243518,PT11M12S,699
HO GUIDATO UN'ASTRONAVE - MERCEDES E53 AMG - Weekly Vlog,2018-12-27T16:59:13Z,15924,679073,PT16M28S,354
Come NON GUIDARE un'auto da corsa AL MUGELLO,2020-11-27T17:27:54Z,21938,352456,PT22M5S,515
Risposte brutalmente oneste,2021-12-05T17:00:37Z,40954,310155,PT15M52S,559
FINALMENTE RIVEDO LA LUCE DEL SOLE,2020-03-30T16:00:00Z,12994,186900,PT9M30S,525
NON RIESCO A SCENDERE!! - Racing Is Life Legends 2022 EP.1,2022-03-22T18:02:15Z,15243,204170,PT17M34S,205
HO SPESO 6.620€,2021-02-26T17:10:08Z,24188,310940,PT12M2S,660
COSE che non vorresti che accadessero all'ULTIMO GIRO,2021-12-09T16:00:25Z,17849,234306,PT19M40S,249
GODO COME UN RICCIO!!! (e godrete anche voi quando scoprirete con che auto corro),2021-04-07T12:00:19Z,19955,218516,PT15M47S,532
MI SPIACE,2021-11-16T17:01:17Z,25507,325609,PT23M1S,711
E se lo facessi anche io?,2022-11-20T17:16:46Z,12557,158656,PT15M36S,256
UNA NOTTE CON KIA NELL'HOTEL PIU' FIGO DI BARCELLONA,2019-02-10T17:00:03Z,13386,316347,PT12M57S,584
COSA TI HO FATTO DI MALE?? - Racing Is Life Predator's 2021 EP.1,2021-04-18T15:29:32Z,23504,394218,PT17M2S,638
INCIDENTE in pitlane al primo weekend di gara - Racing Is Life 2020 ep.6,2020-08-05T16:15:01Z,22001,354927,PT18M49S,618
NASKA COS'É SUCCESSO??? - Racing Is Life Legends 2021 Ep.4 - Varano Gara 1,2021-04-28T11:59:53Z,20283,281695,PT18M31S,404
BASTA FRATTUREEEEEEEEEEEEEEEEEEEEEEEEEEEEEEEEEEEE (NEL 2021),2021-01-08T17:00:32Z,26728,359595,PT14M15S,650
RIBALTARSI SU YAMAHA R1 A 186Km/h SENZA CONTROLLI - Weekly VLOG,2018-06-20T16:00:24Z,11250,300345,PT12M5S,583
Ha guadagnato 310mila€ per QUESTA CASA?? Come guadagnare con le case? Come gestisco i miei guadagni?,2021-01-20T17:09:17Z,29331,404730,PT25M24S,1889
NON MI SEMBRA VERO! MOTOR BIKE EXPO 2018,2018-02-02T18:10:06Z,8081,156090,PT10M16S,164
NON GUARDARE QUESTA GARA!!! É inutile. É talmente brutta che l'ho trasformata in un Q&A,2020-12-12T16:47:29Z,26214,238447,PT21M22S,928
NUOVA AUTO?? 😍,2019-12-06T16:45:01Z,13617,275846,PT15M33S,261
LA OPEL GT É ESPLOSA. SI PUÒ RIPARARE?,2020-05-31T16:00:16Z,16071,242423,PT15M1S,1126
DRIFTARE CON LA SAFETY CAR AL MUGELLO PER LA MOTOGP - Tissot Experience,2019-06-13T16:00:06Z,15927,295483,PT15M16S,356
La settimana PRIMA DI ESSERE DERUBATO,2022-05-19T16:00:13Z,14801,197672,PT16M23S,328
Questa É L'ULTIMA VOLTA che lo vedrete,2022-03-24T17:00:05Z,16219,239834,PT18M36S,385
LA MIA NUOVA ASTRONAVE,2021-03-31T13:20:04Z,19000,241829,PT12M20S,803
IL MIO PEGGIOR ACQUISTO DI SEMPRE,2021-11-08T17:00:11Z,16495,239469,PT19M52S,376
STAVO PER FARE UN DISASTRO...,2021-02-23T16:59:24Z,14381,187588,PT16M10S,322
PERCHE' USO IL NUMERO 54? - Naska Q&A#4,2018-09-30T16:00:10Z,9346,134049,PT10M31S,187
L'HO FATTO 😂,2022-01-12T17:00:34Z,22277,312762,PT18M28S,458
IL MIO NUOVO CASCO DA GARA! SPETTACOLARE!! - AGV PISTA GP R (weekly vlog),2019-04-17T16:33:09Z,10933,189009,PT12M12S,272
L'AUTO PEGGIORE CHE ABBIA MAI COMPRATO - WEEKLY VLOG con giro in pista a Lario Motorsport,2019-12-11T17:21:36Z,15637,343503,PT16M47S,432
HO COMPRATO LA MIA PRIMA CASA! - Weekly Vlog,2021-05-09T15:58:17Z,18841,215891,PT15M9S,392
L'ULTIMO SALUTO A VALE,2021-09-24T16:27:10Z,22322,289499,PT14M28S,592
800€ DI MULTA SCONTATI A 200€ PERCHE' I POLIZIOTTI SONO MIEI FAN - Weekly Vlog,2019-02-15T17:00:25Z,15236,364643,PT10M34S,278
Graz di tutt,2022-04-21T16:00:12Z,15662,248759,PT13M16S,277
IL MIO NUOVO CASCO DA GARA!! 😍 - Weekly VLOG,2018-05-30T16:10:59Z,11652,254594,PT11M59S,930
LA FINE?,2021-06-14T16:00:23Z,18252,237160,PT17M28S,570
